{"id":"1","name":"Testmap","nodes":{"0":{"id":0,"coordinates":{"x":342,"y":75},"edges":[0,12]},"1":{"id":1,"coordinates":{"x":189,"y":75},"edges":[0,216]},"2":{"id":2,"coordinates":{"x":55,"y":119},"edges":[2,217]},"3":{"id":3,"coordinates":{"x":47,"y":149},"edges":[2,3]},"4":{"id":4,"coordinates":{"x":18,"y":185},"edges":[3,4,210]},"5":{"id":5,"coordinates":{"x":20,"y":209},"edges":[4,5,213]},"6":{"id":6,"coordinates":{"x":36,"y":248},"edges":[5,6]},"7":{"id":7,"coordinates":{"x":44,"y":297},"edges":[6,7]},"8":{"id":8,"coordinates":{"x":37,"y":385},"edges":[7,8]},"9":{"id":9,"coordinates":{"x":60,"y":410},"edges":[8,9]},"10":{"id":10,"coordinates":{"x":84,"y":425},"edges":[9,22,23]},"11":{"id":11,"coordinates":{"x":381,"y":113},"edges":[12,13]},"12":{"id":12,"coordinates":{"x":400,"y":151},"edges":[13,14]},"13":{"id":13,"coordinates":{"x":432,"y":177},"edges":[14,15]},"14":{"id":14,"coordinates":{"x":445,"y":221},"edges":[15,16]},"15":{"id":15,"coordinates":{"x":425,"y":243},"edges":[16,17,190]},"16":{"id":16,"coordinates":{"x":408,"y":274},"edges":[17,18]},"17":{"id":17,"coordinates":{"x":389,"y":308},"edges":[18,180]},"18":{"id":18,"coordinates":{"x":233,"y":396},"edges":[20,181,203]},"19":{"id":19,"coordinates":{"x":204,"y":402},"edges":[20,21]},"20":{"id":20,"coordinates":{"x":114,"y":419},"edges":[21,22]},"21":{"id":21,"coordinates":{"x":84,"y":434},"edges":[23]},"22":{"id":22,"coordinates":{"x":147,"y":90},"edges":[28,215]},"23":{"id":23,"coordinates":{"x":196,"y":88},"edges":[24,28]},"24":{"id":24,"coordinates":{"x":240,"y":84},"edges":[24,25]},"25":{"id":25,"coordinates":{"x":290,"y":91},"edges":[25,26]},"26":{"id":26,"coordinates":{"x":345,"y":122},"edges":[26,221]},"27":{"id":27,"coordinates":{"x":116,"y":101},"edges":[]},"28":{"id":28,"coordinates":{"x":151,"y":104},"edges":[29]},"29":{"id":29,"coordinates":{"x":191,"y":101},"edges":[29,30]},"30":{"id":30,"coordinates":{"x":216,"y":98},"edges":[30,31]},"31":{"id":31,"coordinates":{"x":242,"y":95},"edges":[31,32]},"32":{"id":32,"coordinates":{"x":274,"y":101},"edges":[32,33]},"33":{"id":33,"coordinates":{"x":297,"y":108},"edges":[33,34]},"34":{"id":34,"coordinates":{"x":336,"y":136},"edges":[34,220,221]},"35":{"id":35,"coordinates":{"x":95,"y":140},"edges":[39]},"36":{"id":36,"coordinates":{"x":117,"y":117},"edges":[39,40]},"37":{"id":37,"coordinates":{"x":170,"y":123},"edges":[41]},"38":{"id":38,"coordinates":{"x":149,"y":116},"edges":[40,41]},"39":{"id":39,"coordinates":{"x":224,"y":137},"edges":[43]},"40":{"id":40,"coordinates":{"x":231,"y":118},"edges":[43,235]},"41":{"id":41,"coordinates":{"x":233,"y":111},"edges":[45,235]},"42":{"id":42,"coordinates":{"x":256,"y":110},"edges":[45,46]},"43":{"id":43,"coordinates":{"x":280,"y":115},"edges":[46,47]},"44":{"id":44,"coordinates":{"x":308,"y":123},"edges":[47,48]},"45":{"id":45,"coordinates":{"x":321,"y":137},"edges":[48,220,223]},"46":{"id":46,"coordinates":{"x":101,"y":167},"edges":[63,231]},"47":{"id":47,"coordinates":{"x":137,"y":154},"edges":[51,228,233]},"48":{"id":48,"coordinates":{"x":162,"y":166},"edges":[51,52]},"49":{"id":49,"coordinates":{"x":169,"y":181},"edges":[52,53,227]},"50":{"id":50,"coordinates":{"x":163,"y":200},"edges":[53,54]},"51":{"id":51,"coordinates":{"x":132,"y":224},"edges":[54,55,97]},"52":{"id":52,"coordinates":{"x":142,"y":221},"edges":[55,56]},"53":{"id":53,"coordinates":{"x":163,"y":242},"edges":[56,57,197]},"54":{"id":54,"coordinates":{"x":179,"y":238},"edges":[57]},"55":{"id":55,"coordinates":{"x":154,"y":171},"edges":[226,227]},"56":{"id":56,"coordinates":{"x":140,"y":167},"edges":[61,224,226,228]},"57":{"id":57,"coordinates":{"x":127,"y":168},"edges":[61,63,224]},"58":{"id":58,"coordinates":{"x":219,"y":166},"edges":[65,69]},"59":{"id":59,"coordinates":{"x":256,"y":140},"edges":[65,66,182]},"60":{"id":60,"coordinates":{"x":308,"y":148},"edges":[66,68,223]},"61":{"id":61,"coordinates":{"x":318,"y":165},"edges":[68,71]},"62":{"id":62,"coordinates":{"x":287,"y":165},"edges":[71,184]},"63":{"id":63,"coordinates":{"x":232,"y":180},"edges":[69,183]},"64":{"id":64,"coordinates":{"x":281,"y":178},"edges":[73,185]},"65":{"id":65,"coordinates":{"x":304,"y":192},"edges":[73,75]},"66":{"id":66,"coordinates":{"x":342,"y":185},"edges":[75,77]},"67":{"id":67,"coordinates":{"x":371,"y":176},"edges":[77,78,186,192]},"68":{"id":68,"coordinates":{"x":396,"y":189},"edges":[78,79]},"69":{"id":69,"coordinates":{"x":405,"y":205},"edges":[79,80]},"70":{"id":70,"coordinates":{"x":404,"y":222},"edges":[80,191,193]},"71":{"id":71,"coordinates":{"x":56,"y":192},"edges":[100,207]},"72":{"id":72,"coordinates":{"x":85,"y":193},"edges":[99,100,206]},"73":{"id":73,"coordinates":{"x":102,"y":202},"edges":[98,99]},"74":{"id":74,"coordinates":{"x":117,"y":196},"edges":[98]},"75":{"id":75,"coordinates":{"x":78,"y":209},"edges":[108,117,206]},"76":{"id":76,"coordinates":{"x":90,"y":241},"edges":[108,109,116,158]},"77":{"id":77,"coordinates":{"x":126,"y":258},"edges":[109,110,159]},"78":{"id":78,"coordinates":{"x":163,"y":258},"edges":[110,111,160,197]},"79":{"id":79,"coordinates":{"x":202,"y":256},"edges":[111,112,161]},"80":{"id":80,"coordinates":{"x":252,"y":243},"edges":[112,113,162]},"81":{"id":81,"coordinates":{"x":316,"y":225},"edges":[113,114,165]},"82":{"id":82,"coordinates":{"x":365,"y":199},"edges":[114,115,192]},"83":{"id":83,"coordinates":{"x":373,"y":212},"edges":[115,129,193]},"84":{"id":84,"coordinates":{"x":358,"y":244},"edges":[128,129,140]},"85":{"id":85,"coordinates":{"x":311,"y":260},"edges":[127,128,151,165]},"86":{"id":86,"coordinates":{"x":257,"y":280},"edges":[123,127,150,157,162]},"87":{"id":87,"coordinates":{"x":204,"y":286},"edges":[122,123,161]},"88":{"id":88,"coordinates":{"x":159,"y":288},"edges":[121,122,160]},"89":{"id":89,"coordinates":{"x":158,"y":306},"edges":[146,155,156]},"90":{"id":90,"coordinates":{"x":127,"y":304},"edges":[144,154,155]},"91":{"id":91,"coordinates":{"x":118,"y":284},"edges":[120,121,159]},"92":{"id":92,"coordinates":{"x":108,"y":304},"edges":[142,153,154]},"93":{"id":93,"coordinates":{"x":88,"y":275},"edges":[119,120,158]},"94":{"id":94,"coordinates":{"x":90,"y":298},"edges":[141,152,153]},"95":{"id":95,"coordinates":{"x":71,"y":295},"edges":[132,133,152]},"96":{"id":96,"coordinates":{"x":64,"y":258},"edges":[116,117,119,132,205]},"97":{"id":97,"coordinates":{"x":88,"y":329},"edges":[133,134,141]},"98":{"id":98,"coordinates":{"x":114,"y":333},"edges":[134,135,142]},"99":{"id":99,"coordinates":{"x":138,"y":341},"edges":[135,136,144]},"100":{"id":100,"coordinates":{"x":165,"y":340},"edges":[136,137,146]},"101":{"id":101,"coordinates":{"x":213,"y":337},"edges":[137,138,148,198]},"102":{"id":102,"coordinates":{"x":272,"y":322},"edges":[138,139,150]},"103":{"id":103,"coordinates":{"x":325,"y":290},"edges":[139,140,151]},"104":{"id":104,"coordinates":{"x":139,"y":354},"edges":[166]},"105":{"id":105,"coordinates":{"x":202,"y":354},"edges":[166,198,199]},"106":{"id":106,"coordinates":{"x":85,"y":352},"edges":[167]},"107":{"id":107,"coordinates":{"x":106,"y":364},"edges":[167,170]},"108":{"id":108,"coordinates":{"x":150,"y":368},"edges":[170,171]},"109":{"id":109,"coordinates":{"x":218,"y":364},"edges":[171,172,199,202]},"110":{"id":110,"coordinates":{"x":284,"y":341},"edges":[172,173]},"111":{"id":111,"coordinates":{"x":323,"y":321},"edges":[173]},"112":{"id":112,"coordinates":{"x":61,"y":351},"edges":[174]},"113":{"id":113,"coordinates":{"x":71,"y":368},"edges":[174,175]},"114":{"id":114,"coordinates":{"x":103,"y":383},"edges":[175,176]},"115":{"id":115,"coordinates":{"x":165,"y":379},"edges":[176,177]},"116":{"id":116,"coordinates":{"x":231,"y":369},"edges":[177,178,202,203]},"117":{"id":117,"coordinates":{"x":305,"y":343},"edges":[178,179]},"118":{"id":118,"coordinates":{"x":345,"y":323},"edges":[179]},"119":{"id":119,"coordinates":{"x":377,"y":168},"edges":[83,186]},"120":{"id":120,"coordinates":{"x":404,"y":169},"edges":[83,84]},"121":{"id":121,"coordinates":{"x":425,"y":192},"edges":[84,85]},"122":{"id":122,"coordinates":{"x":424,"y":224},"edges":[85,86,190]},"123":{"id":123,"coordinates":{"x":406,"y":247},"edges":[86,191]},"124":{"id":124,"coordinates":{"x":199,"y":228},"edges":[130]},"125":{"id":125,"coordinates":{"x":224,"y":227},"edges":[130,196]},"126":{"id":126,"coordinates":{"x":240,"y":238},"edges":[90,92,196]},"127":{"id":127,"coordinates":{"x":229,"y":208},"edges":[89]},"128":{"id":128,"coordinates":{"x":248,"y":220},"edges":[89,90,92,195]},"129":{"id":129,"coordinates":{"x":254,"y":207},"edges":[93]},"130":{"id":130,"coordinates":{"x":259,"y":218},"edges":[93,96,195]},"131":{"id":131,"coordinates":{"x":285,"y":217},"edges":[96]},"132":{"id":132,"coordinates":{"x":109,"y":234},"edges":[97]},"133":{"id":133,"coordinates":{"x":88,"y":168},"edges":[101]},"134":{"id":134,"coordinates":{"x":52,"y":172},"edges":[101,102,208]},"135":{"id":135,"coordinates":{"x":28,"y":193},"edges":[103,104,210]},"136":{"id":136,"coordinates":{"x":35,"y":181},"edges":[102,103]},"137":{"id":137,"coordinates":{"x":33,"y":218},"edges":[104,105,213]},"138":{"id":138,"coordinates":{"x":50,"y":232},"edges":[105,205]},"139":{"id":139,"coordinates":{"x":53,"y":180},"edges":[106,207,208]},"140":{"id":140,"coordinates":{"x":41,"y":193},"edges":[106,107]},"141":{"id":141,"coordinates":{"x":50,"y":219},"edges":[107]},"142":{"id":142,"coordinates":{"x":207,"y":301},"edges":[148,156,157]},"143":{"id":143,"coordinates":{"x":320,"y":356},"edges":[180,181]},"144":{"id":144,"coordinates":{"x":266,"y":170},"edges":[182,183,184,185]},"145":{"id":145,"coordinates":{"x":119,"y":82},"edges":[214,215,216,218]},"146":{"id":146,"coordinates":{"x":70,"y":102},"edges":[217,218]},"147":{"id":147,"coordinates":{"x":73,"y":74},"edges":[214]},"148":{"id":148,"coordinates":{"x":110,"y":152},"edges":[231,233]}},"edges":{"0":{"id":0,"nodes":{"start":0,"end":1}},"2":{"id":2,"nodes":{"start":2,"end":3}},"3":{"id":3,"nodes":{"start":3,"end":4}},"4":{"id":4,"nodes":{"start":4,"end":5}},"5":{"id":5,"nodes":{"start":5,"end":6}},"6":{"id":6,"nodes":{"start":6,"end":7}},"7":{"id":7,"nodes":{"start":7,"end":8}},"8":{"id":8,"nodes":{"start":8,"end":9}},"9":{"id":9,"nodes":{"start":9,"end":10}},"12":{"id":12,"nodes":{"start":0,"end":11}},"13":{"id":13,"nodes":{"start":11,"end":12}},"14":{"id":14,"nodes":{"start":12,"end":13}},"15":{"id":15,"nodes":{"start":13,"end":14}},"16":{"id":16,"nodes":{"start":14,"end":15}},"17":{"id":17,"nodes":{"start":15,"end":16}},"18":{"id":18,"nodes":{"start":16,"end":17}},"20":{"id":20,"nodes":{"start":18,"end":19}},"21":{"id":21,"nodes":{"start":19,"end":20}},"22":{"id":22,"nodes":{"start":20,"end":10}},"23":{"id":23,"nodes":{"start":10,"end":21}},"24":{"id":24,"nodes":{"start":23,"end":24}},"25":{"id":25,"nodes":{"start":24,"end":25}},"26":{"id":26,"nodes":{"start":25,"end":26}},"28":{"id":28,"nodes":{"start":22,"end":23}},"29":{"id":29,"nodes":{"start":28,"end":29}},"30":{"id":30,"nodes":{"start":29,"end":30}},"31":{"id":31,"nodes":{"start":30,"end":31}},"32":{"id":32,"nodes":{"start":31,"end":32}},"33":{"id":33,"nodes":{"start":32,"end":33}},"34":{"id":34,"nodes":{"start":33,"end":34}},"39":{"id":39,"nodes":{"start":35,"end":36}},"40":{"id":40,"nodes":{"start":36,"end":38}},"41":{"id":41,"nodes":{"start":38,"end":37}},"43":{"id":43,"nodes":{"start":39,"end":40}},"45":{"id":45,"nodes":{"start":41,"end":42}},"46":{"id":46,"nodes":{"start":42,"end":43}},"47":{"id":47,"nodes":{"start":43,"end":44}},"48":{"id":48,"nodes":{"start":44,"end":45}},"51":{"id":51,"nodes":{"start":47,"end":48}},"52":{"id":52,"nodes":{"start":48,"end":49}},"53":{"id":53,"nodes":{"start":49,"end":50}},"54":{"id":54,"nodes":{"start":50,"end":51}},"55":{"id":55,"nodes":{"start":51,"end":52}},"56":{"id":56,"nodes":{"start":52,"end":53}},"57":{"id":57,"nodes":{"start":53,"end":54}},"61":{"id":61,"nodes":{"start":57,"end":56}},"63":{"id":63,"nodes":{"start":46,"end":57}},"65":{"id":65,"nodes":{"start":58,"end":59}},"66":{"id":66,"nodes":{"start":59,"end":60}},"68":{"id":68,"nodes":{"start":60,"end":61}},"69":{"id":69,"nodes":{"start":58,"end":63}},"71":{"id":71,"nodes":{"start":62,"end":61}},"73":{"id":73,"nodes":{"start":64,"end":65}},"75":{"id":75,"nodes":{"start":65,"end":66}},"77":{"id":77,"nodes":{"start":66,"end":67}},"78":{"id":78,"nodes":{"start":67,"end":68}},"79":{"id":79,"nodes":{"start":68,"end":69}},"80":{"id":80,"nodes":{"start":69,"end":70}},"83":{"id":83,"nodes":{"start":119,"end":120}},"84":{"id":84,"nodes":{"start":120,"end":121}},"85":{"id":85,"nodes":{"start":121,"end":122}},"86":{"id":86,"nodes":{"start":122,"end":123}},"89":{"id":89,"nodes":{"start":127,"end":128}},"90":{"id":90,"nodes":{"start":128,"end":126}},"92":{"id":92,"nodes":{"start":128,"end":126}},"93":{"id":93,"nodes":{"start":129,"end":130}},"96":{"id":96,"nodes":{"start":130,"end":131}},"97":{"id":97,"nodes":{"start":51,"end":132}},"98":{"id":98,"nodes":{"start":74,"end":73}},"99":{"id":99,"nodes":{"start":73,"end":72}},"100":{"id":100,"nodes":{"start":72,"end":71}},"101":{"id":101,"nodes":{"start":133,"end":134}},"102":{"id":102,"nodes":{"start":134,"end":136}},"103":{"id":103,"nodes":{"start":136,"end":135}},"104":{"id":104,"nodes":{"start":135,"end":137}},"105":{"id":105,"nodes":{"start":137,"end":138}},"106":{"id":106,"nodes":{"start":139,"end":140}},"107":{"id":107,"nodes":{"start":140,"end":141}},"108":{"id":108,"nodes":{"start":75,"end":76}},"109":{"id":109,"nodes":{"start":76,"end":77}},"110":{"id":110,"nodes":{"start":77,"end":78}},"111":{"id":111,"nodes":{"start":78,"end":79}},"112":{"id":112,"nodes":{"start":79,"end":80}},"113":{"id":113,"nodes":{"start":80,"end":81}},"114":{"id":114,"nodes":{"start":81,"end":82}},"115":{"id":115,"nodes":{"start":82,"end":83}},"116":{"id":116,"nodes":{"start":76,"end":96}},"117":{"id":117,"nodes":{"start":75,"end":96}},"119":{"id":119,"nodes":{"start":96,"end":93}},"120":{"id":120,"nodes":{"start":93,"end":91}},"121":{"id":121,"nodes":{"start":91,"end":88}},"122":{"id":122,"nodes":{"start":88,"end":87}},"123":{"id":123,"nodes":{"start":87,"end":86}},"127":{"id":127,"nodes":{"start":86,"end":85}},"128":{"id":128,"nodes":{"start":85,"end":84}},"129":{"id":129,"nodes":{"start":84,"end":83}},"130":{"id":130,"nodes":{"start":124,"end":125}},"132":{"id":132,"nodes":{"start":96,"end":95}},"133":{"id":133,"nodes":{"start":95,"end":97}},"134":{"id":134,"nodes":{"start":97,"end":98}},"135":{"id":135,"nodes":{"start":98,"end":99}},"136":{"id":136,"nodes":{"start":99,"end":100}},"137":{"id":137,"nodes":{"start":100,"end":101}},"138":{"id":138,"nodes":{"start":101,"end":102}},"139":{"id":139,"nodes":{"start":102,"end":103}},"140":{"id":140,"nodes":{"start":103,"end":84}},"141":{"id":141,"nodes":{"start":94,"end":97}},"142":{"id":142,"nodes":{"start":92,"end":98}},"144":{"id":144,"nodes":{"start":99,"end":90}},"146":{"id":146,"nodes":{"start":89,"end":100}},"148":{"id":148,"nodes":{"start":142,"end":101}},"150":{"id":150,"nodes":{"start":86,"end":102}},"151":{"id":151,"nodes":{"start":85,"end":103}},"152":{"id":152,"nodes":{"start":95,"end":94}},"153":{"id":153,"nodes":{"start":94,"end":92}},"154":{"id":154,"nodes":{"start":92,"end":90}},"155":{"id":155,"nodes":{"start":90,"end":89}},"156":{"id":156,"nodes":{"start":89,"end":142}},"157":{"id":157,"nodes":{"start":142,"end":86}},"158":{"id":158,"nodes":{"start":76,"end":93}},"159":{"id":159,"nodes":{"start":77,"end":91}},"160":{"id":160,"nodes":{"start":78,"end":88}},"161":{"id":161,"nodes":{"start":79,"end":87}},"162":{"id":162,"nodes":{"start":80,"end":86}},"165":{"id":165,"nodes":{"start":81,"end":85}},"166":{"id":166,"nodes":{"start":104,"end":105}},"167":{"id":167,"nodes":{"start":106,"end":107}},"170":{"id":170,"nodes":{"start":107,"end":108}},"171":{"id":171,"nodes":{"start":108,"end":109}},"172":{"id":172,"nodes":{"start":109,"end":110}},"173":{"id":173,"nodes":{"start":110,"end":111}},"174":{"id":174,"nodes":{"start":112,"end":113}},"175":{"id":175,"nodes":{"start":113,"end":114}},"176":{"id":176,"nodes":{"start":114,"end":115}},"177":{"id":177,"nodes":{"start":115,"end":116}},"178":{"id":178,"nodes":{"start":116,"end":117}},"179":{"id":179,"nodes":{"start":117,"end":118}},"180":{"id":180,"nodes":{"start":17,"end":143}},"181":{"id":181,"nodes":{"start":143,"end":18}},"182":{"id":182,"nodes":{"start":59,"end":144}},"183":{"id":183,"nodes":{"start":63,"end":144}},"184":{"id":184,"nodes":{"start":144,"end":62}},"185":{"id":185,"nodes":{"start":144,"end":64}},"186":{"id":186,"nodes":{"start":67,"end":119}},"190":{"id":190,"nodes":{"start":122,"end":15}},"191":{"id":191,"nodes":{"start":70,"end":123}},"192":{"id":192,"nodes":{"start":82,"end":67}},"193":{"id":193,"nodes":{"start":83,"end":70}},"195":{"id":195,"nodes":{"start":128,"end":130}},"196":{"id":196,"nodes":{"start":125,"end":126}},"197":{"id":197,"nodes":{"start":53,"end":78}},"198":{"id":198,"nodes":{"start":101,"end":105}},"199":{"id":199,"nodes":{"start":105,"end":109}},"202":{"id":202,"nodes":{"start":109,"end":116}},"203":{"id":203,"nodes":{"start":116,"end":18}},"205":{"id":205,"nodes":{"start":138,"end":96}},"206":{"id":206,"nodes":{"start":72,"end":75}},"207":{"id":207,"nodes":{"start":139,"end":71}},"208":{"id":208,"nodes":{"start":134,"end":139}},"210":{"id":210,"nodes":{"start":4,"end":135}},"213":{"id":213,"nodes":{"start":5,"end":137}},"214":{"id":214,"nodes":{"start":147,"end":145}},"215":{"id":215,"nodes":{"start":145,"end":22}},"216":{"id":216,"nodes":{"start":145,"end":1}},"217":{"id":217,"nodes":{"start":146,"end":2}},"218":{"id":218,"nodes":{"start":145,"end":146}},"220":{"id":220,"nodes":{"start":34,"end":45}},"221":{"id":221,"nodes":{"start":26,"end":34}},"223":{"id":223,"nodes":{"start":45,"end":60}},"224":{"id":224,"nodes":{"start":57,"end":56}},"226":{"id":226,"nodes":{"start":56,"end":55}},"227":{"id":227,"nodes":{"start":55,"end":49}},"228":{"id":228,"nodes":{"start":47,"end":56}},"231":{"id":231,"nodes":{"start":46,"end":148}},"233":{"id":233,"nodes":{"start":148,"end":47}},"235":{"id":235,"nodes":{"start":40,"end":41}}}}